{
    "C\u00e2y quy\u1ebft \u0111\u1ecbnh (t\u1ed1i \u01b0u)": {
        "MSE": 5.091772151898734,
        "RMSE": 2.2564955466161982,
        "MAE": 1.3101265822784811,
        "R\u00b2": 0.7516820085643735
    },
    "Random Forest (t\u1ed1i \u01b0u)": {
        "MSE": 3.984982524481466,
        "RMSE": 1.99624210066852,
        "MAE": 1.1914178722121762,
        "R\u00b2": 0.8056584570430343
    },
    "XGBoost (t\u1ed1i \u01b0u)": {
        "MSE": 3.8382766246795654,
        "RMSE": 1.9591520167357013,
        "MAE": 1.2328417301177979,
        "R\u00b2": 0.8128131031990051
    }
}